"site_id","name","cluster_lon","cluster_lat","mean_abundance_total_post","mean_abundance_total_pre","mean_abundance_total_control","mean_abundance_new_post","mean_abundance_new_pre","mean_abundance_new_control","mean_abundance_old_post","mean_abundance_old_pre","mean_abundance_old_control","median_abundance_total_post","median_abundance_total_pre","median_abundance_total_control","median_abundance_new_post","median_abundance_new_pre","median_abundance_new_control","median_abundance_old_post","median_abundance_old_pre","median_abundance_old_control","pcs_change_mean_total","pcs_change_mean_new","pcs_change_mean_old","pcs_change_median_total","pcs_change_median_new","pcs_change_median_old","change_type_mean_total","change_type_mean_new","change_type_mean_old","change_type_median_total","change_type_median_new","change_type_median_old"
1,"CRISTOBAL",-88.87024,30.392169,1,0,NA,0,0,NA,1,0,NA,1,0,NA,0,0,NA,1,0,NA,1,0,1,1,0,1,"accumulation","no_change","accumulation","accumulation","no_change","accumulation"
2,"ZETA",-89.184796,30.3319025,4,19,NA,0,0,NA,4,19,NA,4,19,NA,0,0,NA,4,19,NA,-15,0,-15,-15,0,-15,"depletion","no_change","depletion","depletion","no_change","depletion"
3,"BARRY",-89.327391636076,30.3068862373418,20,3,NA,0,0,NA,20,3,NA,20,3,NA,0,0,NA,20,3,NA,17,0,17,17,0,17,"accumulation","no_change","accumulation","accumulation","no_change","accumulation"
3,"FRANCINE",-89.327391636076,30.3068862373418,4,8,NA,2,0,NA,4,8,NA,4,8,NA,2,0,NA,4,8,NA,-4,2,-4,-4,2,-4,"depletion","accumulation","depletion","depletion","accumulation","depletion"
3,"IDA",-89.327391636076,30.3068862373418,6,4,NA,6,4,NA,0,0,NA,6,4,NA,6,4,NA,0,0,NA,2,2,0,2,2,0,"accumulation","accumulation","no_change","accumulation","accumulation","no_change"
3,"MARCO",-89.327391636076,30.3068862373418,4,1,NA,4,0,NA,1,1,NA,2,1,NA,2,0,NA,2,1,NA,3,4,0,1,2,1,"accumulation","accumulation","no_change","accumulation","accumulation","accumulation"
3,"NESTOR",-89.327391636076,30.3068862373418,12,22,NA,0,6,NA,12,16,NA,12,10,NA,0,0,NA,12,4,NA,-10,-6,-4,2,0,8,"depletion","depletion","depletion","accumulation","no_change","accumulation"
3,"OLGA",-89.327391636076,30.3068862373418,12,28,NA,0,27,NA,12,1,NA,12,35,NA,0,35,NA,12,0,NA,-16,-27,11,-23,-35,12,"depletion","depletion","accumulation","depletion","depletion","accumulation"
3,"SALLY",-89.327391636076,30.3068862373418,2,6,NA,2,5,NA,2,1,NA,2,1,NA,3,1,NA,2,0,NA,-4,-3,1,1,2,2,"depletion","depletion","accumulation","accumulation","accumulation","accumulation"
3,NA,-89.327391636076,30.3068862373418,NA,NA,13,NA,NA,10,NA,NA,4,NA,NA,8,NA,NA,5,NA,NA,0,NA,NA,NA,NA,NA,NA,NA,NA,NA,NA,NA,NA
4,"DELTA",-89.9945463846154,29.9399062307692,1675,295,NA,0,295,NA,1675,0,NA,1675,295,NA,0,295,NA,1675,0,NA,1380,-295,1675,1380,-295,1675,"accumulation","depletion","accumulation","accumulation","depletion","accumulation"
4,"IDA",-89.9945463846154,29.9399062307692,193,253,NA,193,253,NA,0,0,NA,193,253,NA,193,253,NA,0,0,NA,-60,-60,0,-60,-60,0,"depletion","depletion","no_change","depletion","depletion","no_change"
4,"ZETA",-89.9945463846154,29.9399062307692,1675,295,NA,0,295,NA,1675,0,NA,1675,295,NA,0,295,NA,1675,0,NA,1380,-295,1675,1380,-295,1675,"accumulation","depletion","accumulation","accumulation","depletion","accumulation"
4,NA,-89.9945463846154,29.9399062307692,NA,NA,62,NA,NA,52,NA,NA,10,NA,NA,32,NA,NA,14,NA,NA,0,NA,NA,NA,NA,NA,NA,NA,NA,NA,NA,NA,NA
5,"DELTA",-90.0183771666667,29.9533323333333,244,659,NA,0,0,NA,244,659,NA,244,659,NA,0,0,NA,244,659,NA,-415,0,-415,-415,0,-415,"depletion","no_change","depletion","depletion","no_change","depletion"
5,NA,-90.0183771666667,29.9533323333333,NA,NA,189,NA,NA,126,NA,NA,63,NA,NA,188,NA,NA,146,NA,NA,0,NA,NA,NA,NA,NA,NA,NA,NA,NA,NA,NA,NA
6,"MARCO",-90.04972878125,29.95736728125,366,4306,NA,223,3472,NA,240,834,NA,226,4306,NA,0,3472,NA,84,834,NA,-3940,-3249,-594,-4080,-3472,-750,"depletion","depletion","depletion","depletion","depletion","depletion"
6,"SALLY",-90.04972878125,29.95736728125,301,945,NA,192,802,NA,110,240,NA,259,226,NA,0,0,NA,70,84,NA,-644,-610,-130,33,0,-14,"depletion","depletion","depletion","accumulation","no_change","depletion"
6,NA,-90.04972878125,29.95736728125,NA,NA,40,NA,NA,40,NA,NA,0,NA,NA,40,NA,NA,40,NA,NA,0,NA,NA,NA,NA,NA,NA,NA,NA,NA,NA,NA,NA
7,"FRANCINE",-91.1851219662921,30.4586581235955,20,16,NA,0,0,NA,20,16,NA,20,16,NA,0,0,NA,20,16,NA,4,0,4,4,0,4,"accumulation","no_change","accumulation","accumulation","no_change","accumulation"
7,NA,-91.1851219662921,30.4586581235955,NA,NA,61,NA,NA,13,NA,NA,54,NA,NA,50,NA,NA,0,NA,NA,42,NA,NA,NA,NA,NA,NA,NA,NA,NA,NA,NA,NA
8,"FRANCINE",-94.04676075,29.673591625,0,0,NA,0,0,NA,0,0,NA,0,0,NA,0,0,NA,0,0,NA,0,0,0,0,0,0,"no_change","no_change","no_change","no_change","no_change","no_change"
8,NA,-94.04676075,29.673591625,NA,NA,14,NA,NA,14,NA,NA,0,NA,NA,0,NA,NA,0,NA,NA,0,NA,NA,NA,NA,NA,NA,NA,NA,NA,NA,NA,NA
9,"BARRY",-94.9829379583333,29.6759498333333,288,7290,NA,0,0,NA,288,7290,NA,288,7290,NA,0,0,NA,288,7290,NA,-7002,0,-7002,-7002,0,-7002,"depletion","no_change","depletion","depletion","no_change","depletion"
9,NA,-94.9829379583333,29.6759498333333,NA,NA,115,NA,NA,93,NA,NA,53,NA,NA,120,NA,NA,120,NA,NA,0,NA,NA,NA,NA,NA,NA,NA,NA,NA,NA,NA,NA
10,"BARRY",-95.0088200169492,29.6536155338983,272,89,NA,0,0,NA,272,89,NA,272,89,NA,0,0,NA,272,89,NA,183,0,183,183,0,183,"accumulation","no_change","accumulation","accumulation","no_change","accumulation"
10,"IMELDA",-95.0088200169492,29.6536155338983,302,82,NA,64,0,NA,324,82,NA,302,82,NA,64,0,NA,324,82,NA,220,64,242,220,64,242,"accumulation","accumulation","accumulation","accumulation","accumulation","accumulation"
10,"NICHOLAS",-95.0088200169492,29.6536155338983,38,72,NA,30,11,NA,8,62,NA,37,72,NA,22,11,NA,1,62,NA,-34,19,-54,-35,11,-61,"depletion","accumulation","depletion","depletion","accumulation","depletion"
10,NA,-95.0088200169492,29.6536155338983,NA,NA,74,NA,NA,50,NA,NA,43,NA,NA,73,NA,NA,31,NA,NA,2,NA,NA,NA,NA,NA,NA,NA,NA,NA,NA,NA,NA
11,"NICHOLAS",-94.9880913166667,29.59547585,61,160,NA,35,0,NA,63,160,NA,64,160,NA,0,0,NA,64,160,NA,-99,35,-97,-96,0,-96,"depletion","accumulation","depletion","depletion","no_change","depletion"
11,NA,-94.9880913166667,29.59547585,NA,NA,245,NA,NA,212,NA,NA,38,NA,NA,131,NA,NA,112,NA,NA,0,NA,NA,NA,NA,NA,NA,NA,NA,NA,NA,NA,NA
12,"NICHOLAS",-95.0196019375,29.55516275,19,10,NA,9,10,NA,18,0,NA,19,10,NA,9,10,NA,18,0,NA,9,-1,18,9,-1,18,"accumulation","depletion","accumulation","accumulation","depletion","accumulation"
12,NA,-95.0196019375,29.55516275,NA,NA,34,NA,NA,0,NA,NA,34,NA,NA,17,NA,NA,0,NA,NA,17,NA,NA,NA,NA,NA,NA,NA,NA,NA,NA,NA,NA
13,"IMELDA",-95.2942955,29.746623,24,4950,NA,0,0,NA,24,4950,NA,24,4950,NA,0,0,NA,24,4950,NA,-4926,0,-4926,-4926,0,-4926,"depletion","no_change","depletion","depletion","no_change","depletion"
14,"BARRY",-94.8844629,29.38947145,12971,9628,NA,0,0,NA,12971,9628,NA,8068,9628,NA,0,0,NA,8068,9628,NA,3343,0,3343,-1560,0,-1560,"accumulation","no_change","accumulation","depletion","no_change","depletion"
14,NA,-94.8844629,29.38947145,NA,NA,329,NA,NA,0,NA,NA,329,NA,NA,128,NA,NA,0,NA,NA,128,NA,NA,NA,NA,NA,NA,NA,NA,NA,NA,NA,NA
15,"BARRY",-94.829336392054,29.2662303388306,22,21,NA,16,16,NA,6,8,NA,22,18,NA,16,11,NA,6,0,NA,1,0,-2,4,5,6,"accumulation","no_change","depletion","accumulation","accumulation","accumulation"
15,"BERYL",-94.829336392054,29.2662303388306,42,2,NA,42,2,NA,0,0,NA,42,1,NA,42,1,NA,0,0,NA,40,40,0,41,41,0,"accumulation","accumulation","no_change","accumulation","accumulation","no_change"
15,"BETA",-94.829336392054,29.2662303388306,24,55,NA,16,61,NA,12,5,NA,24,50,NA,10,63,NA,10,4,NA,-31,-45,7,-26,-53,6,"depletion","depletion","accumulation","depletion","depletion","accumulation"
15,"DELTA",-94.829336392054,29.2662303388306,30,34,NA,0,44,NA,30,10,NA,30,38,NA,0,45,NA,30,9,NA,-4,-44,20,-8,-45,21,"depletion","depletion","accumulation","depletion","depletion","accumulation"
15,"HANNA",-94.829336392054,29.2662303388306,12,10,NA,2,0,NA,14,10,NA,15,10,NA,0,0,NA,15,10,NA,2,2,4,5,0,5,"accumulation","accumulation","accumulation","accumulation","no_change","accumulation"
15,"IMELDA",-94.829336392054,29.2662303388306,82,11,NA,83,2,NA,5,13,NA,82,6,NA,86,0,NA,0,0,NA,71,81,-8,76,86,0,"accumulation","accumulation","depletion","accumulation","accumulation","no_change"
15,"LAURA",-94.829336392054,29.2662303388306,44,29,NA,57,21,NA,10,11,NA,45,16,NA,61,0,NA,9,12,NA,15,36,-1,29,61,-3,"accumulation","accumulation","depletion","accumulation","accumulation","depletion"
15,"NICHOLAS",-94.829336392054,29.2662303388306,8,6,NA,7,6,NA,2,0,NA,6,6,NA,5,6,NA,1,0,NA,2,1,2,0,-1,1,"accumulation","accumulation","accumulation","no_change","depletion","accumulation"
15,NA,-94.829336392054,29.2662303388306,NA,NA,18,NA,NA,9,NA,NA,14,NA,NA,13,NA,NA,0,NA,NA,8,NA,NA,NA,NA,NA,NA,NA,NA,NA,NA,NA,NA
16,"BETA",-96.8717524766355,28.044564317757,29,10,NA,0,10,NA,58,0,NA,29,10,NA,0,10,NA,58,0,NA,19,-10,58,19,-10,58,"accumulation","depletion","accumulation","accumulation","depletion","accumulation"
16,"HANNA",-96.8717524766355,28.044564317757,11,9,NA,11,9,NA,0,0,NA,11,8,NA,11,8,NA,0,0,NA,2,2,0,3,3,0,"accumulation","accumulation","no_change","accumulation","accumulation","no_change"
16,"NICHOLAS",-96.8717524766355,28.044564317757,93,12,NA,93,12,NA,0,0,NA,92,2,NA,92,2,NA,0,0,NA,81,81,0,90,90,0,"accumulation","accumulation","no_change","accumulation","accumulation","no_change"
16,NA,-96.8717524766355,28.044564317757,NA,NA,28,NA,NA,15,NA,NA,14,NA,NA,25,NA,NA,2,NA,NA,0,NA,NA,NA,NA,NA,NA,NA,NA,NA,NA,NA,NA
17,"BETA",-96.9259754827586,27.9934573103448,3,10,NA,3,10,NA,0,0,NA,3,10,NA,3,10,NA,0,0,NA,-7,-7,0,-7,-7,0,"depletion","depletion","no_change","depletion","depletion","no_change"
17,"HANNA",-96.9259754827586,27.9934573103448,33,11,NA,33,11,NA,0,0,NA,33,12,NA,33,12,NA,0,0,NA,22,22,0,21,21,0,"accumulation","accumulation","no_change","accumulation","accumulation","no_change"
17,"NICHOLAS",-96.9259754827586,27.9934573103448,42,10,NA,38,10,NA,7,0,NA,32,10,NA,32,10,NA,0,0,NA,32,28,7,22,22,0,"accumulation","accumulation","accumulation","accumulation","accumulation","no_change"
17,NA,-96.9259754827586,27.9934573103448,NA,NA,23,NA,NA,18,NA,NA,7,NA,NA,10,NA,NA,2,NA,NA,0,NA,NA,NA,NA,NA,NA,NA,NA,NA,NA,NA,NA
18,"BETA",-96.9396677142857,27.9797837142857,14,8,NA,0,8,NA,22,0,NA,14,8,NA,0,8,NA,22,0,NA,6,-8,22,6,-8,22,"accumulation","depletion","accumulation","accumulation","depletion","accumulation"
18,"NICHOLAS",-96.9396677142857,27.9797837142857,48,12,NA,48,12,NA,0,0,NA,48,12,NA,48,12,NA,0,0,NA,36,36,0,36,36,0,"accumulation","accumulation","no_change","accumulation","accumulation","no_change"
18,NA,-96.9396677142857,27.9797837142857,NA,NA,33,NA,NA,14,NA,NA,19,NA,NA,38,NA,NA,1,NA,NA,12,NA,NA,NA,NA,NA,NA,NA,NA,NA,NA,NA,NA
19,"HANNA",-97.317873625,27.87043,1,1,NA,1,0,NA,0,1,NA,1,1,NA,1,0,NA,0,1,NA,0,1,-1,0,1,-1,"no_change","accumulation","depletion","no_change","accumulation","depletion"
19,NA,-97.317873625,27.87043,NA,NA,9,NA,NA,0,NA,NA,9,NA,NA,13,NA,NA,0,NA,NA,13,NA,NA,NA,NA,NA,NA,NA,NA,NA,NA,NA,NA
20,"BETA",-97.1000093112128,27.7692100183066,74,53,NA,59,53,NA,14,0,NA,59,53,NA,59,53,NA,0,0,NA,21,6,14,6,6,0,"accumulation","accumulation","accumulation","accumulation","accumulation","no_change"
20,"DELTA",-97.1000093112128,27.7692100183066,47,53,NA,15,53,NA,32,0,NA,44,53,NA,0,53,NA,42,0,NA,-6,-38,32,-9,-53,42,"depletion","depletion","accumulation","depletion","depletion","accumulation"
20,"HANNA",-97.1000093112128,27.7692100183066,59,3,NA,51,0,NA,8,3,NA,25,4,NA,0,0,NA,0,4,NA,56,51,5,21,0,-4,"accumulation","accumulation","accumulation","accumulation","no_change","depletion"
20,"IMELDA",-97.1000093112128,27.7692100183066,31,77,NA,31,52,NA,0,25,NA,18,42,NA,18,30,NA,0,0,NA,-46,-21,-25,-24,-12,0,"depletion","depletion","depletion","depletion","depletion","no_change"
20,NA,-97.1000093112128,27.7692100183066,NA,NA,49,NA,NA,37,NA,NA,15,NA,NA,34,NA,NA,17,NA,NA,0,NA,NA,NA,NA,NA,NA,NA,NA,NA,NA,NA,NA
21,"BERYL",-97.2142365694444,27.5930081365741,15,56,NA,0,56,NA,15,0,NA,15,56,NA,0,56,NA,15,0,NA,-41,-56,15,-41,-56,15,"depletion","depletion","accumulation","depletion","depletion","accumulation"
21,"BETA",-97.2142365694444,27.5930081365741,113,76,NA,4,78,NA,113,16,NA,64,70,NA,0,108,NA,64,0,NA,37,-74,97,-6,-108,64,"accumulation","depletion","accumulation","depletion","depletion","accumulation"
21,"HANNA",-97.2142365694444,27.5930081365741,23,32,NA,19,10,NA,4,28,NA,22,40,NA,22,6,NA,0,21,NA,-9,9,-24,-18,16,-21,"depletion","accumulation","depletion","depletion","accumulation","depletion"
21,"IMELDA",-97.2142365694444,27.5930081365741,73,58,NA,32,33,NA,42,38,NA,74,54,NA,0,6,NA,46,19,NA,15,-1,4,20,-6,27,"accumulation","depletion","accumulation","accumulation","depletion","accumulation"
21,"NICHOLAS",-97.2142365694444,27.5930081365741,75,100,NA,76,0,NA,0,100,NA,75,100,NA,76,0,NA,0,100,NA,-25,76,-100,-25,76,-100,"depletion","accumulation","depletion","depletion","accumulation","depletion"
21,NA,-97.2142365694444,27.5930081365741,NA,NA,54,NA,NA,28,NA,NA,36,NA,NA,42,NA,NA,0,NA,NA,19,NA,NA,NA,NA,NA,NA,NA,NA,NA,NA,NA,NA
22,"IMELDA",-97.2713605714286,27.4824022678571,19,44,NA,19,0,NA,0,44,NA,19,44,NA,19,0,NA,0,44,NA,-25,19,-44,-25,19,-44,"depletion","accumulation","depletion","depletion","accumulation","depletion"
22,NA,-97.2713605714286,27.4824022678571,NA,NA,24,NA,NA,9,NA,NA,15,NA,NA,16,NA,NA,0,NA,NA,0,NA,NA,NA,NA,NA,NA,NA,NA,NA,NA,NA,NA
23,"BETA",-97.163652079646,26.1098216460177,12,76,NA,4,32,NA,12,120,NA,12,76,NA,4,32,NA,12,120,NA,-64,-28,-108,-64,-28,-108,"depletion","depletion","depletion","depletion","depletion","depletion"
23,"OLGA",-97.163652079646,26.1098216460177,46,45,NA,0,56,NA,46,1,NA,30,52,NA,0,52,NA,30,0,NA,1,-56,45,-22,-52,30,"accumulation","depletion","accumulation","depletion","depletion","accumulation"
23,NA,-97.163652079646,26.1098216460177,NA,NA,28,NA,NA,3,NA,NA,26,NA,NA,21,NA,NA,0,NA,NA,17,NA,NA,NA,NA,NA,NA,NA,NA,NA,NA,NA,NA
24,"GRACE",-96.1244223623188,19.1943324637681,6,9,NA,0,0,NA,6,9,NA,6,9,NA,0,0,NA,6,9,NA,-3,0,-3,-3,0,-3,"depletion","no_change","depletion","depletion","no_change","depletion"
24,"KARL",-96.1244223623188,19.1943324637681,50,10,NA,0,0,NA,50,10,NA,50,10,NA,0,0,NA,50,10,NA,40,0,40,40,0,40,"accumulation","no_change","accumulation","accumulation","no_change","accumulation"
24,NA,-96.1244223623188,19.1943324637681,NA,NA,35,NA,NA,1,NA,NA,36,NA,NA,23,NA,NA,0,NA,NA,26,NA,NA,NA,NA,NA,NA,NA,NA,NA,NA,NA,NA
25,"GRACE",-96.0986502173913,19.1046781304348,8,2,NA,0,0,NA,8,2,NA,8,2,NA,0,0,NA,8,2,NA,6,0,6,6,0,6,"accumulation","no_change","accumulation","accumulation","no_change","accumulation"
25,NA,-96.0986502173913,19.1046781304348,NA,NA,17,NA,NA,5,NA,NA,14,NA,NA,16,NA,NA,0,NA,NA,13,NA,NA,NA,NA,NA,NA,NA,NA,NA,NA,NA,NA
26,"GRACE",-95.9051875555556,18.8645838888889,11,13,NA,11,0,NA,0,13,NA,11,13,NA,11,0,NA,0,13,NA,-2,11,-13,-2,11,-13,"depletion","accumulation","depletion","depletion","accumulation","depletion"
26,NA,-95.9051875555556,18.8645838888889,NA,NA,43,NA,NA,4,NA,NA,39,NA,NA,21,NA,NA,0,NA,NA,21,NA,NA,NA,NA,NA,NA,NA,NA,NA,NA,NA,NA
27,"BARRY",-85.2670577826087,29.6827144782609,8,2,NA,0,2,NA,8,0,NA,8,2,NA,0,2,NA,8,0,NA,6,-2,8,6,-2,8,"accumulation","depletion","accumulation","accumulation","depletion","accumulation"
27,"FAY",-85.2670577826087,29.6827144782609,0,0,NA,0,0,NA,0,0,NA,0,0,NA,0,0,NA,0,0,NA,0,0,0,0,0,0,"no_change","no_change","no_change","no_change","no_change","no_change"
27,NA,-85.2670577826087,29.6827144782609,NA,NA,0,NA,NA,0,NA,NA,0,NA,NA,0,NA,NA,0,NA,NA,0,NA,NA,NA,NA,NA,NA,NA,NA,NA,NA,NA,NA
28,"MINDY",-85.3101902857143,29.6827152857143,0,0,NA,0,0,NA,0,0,NA,0,0,NA,0,0,NA,0,0,NA,0,0,0,0,0,0,"no_change","no_change","no_change","no_change","no_change","no_change"
28,NA,-85.3101902857143,29.6827152857143,NA,NA,1,NA,NA,1,NA,NA,0,NA,NA,1,NA,NA,1,NA,NA,0,NA,NA,NA,NA,NA,NA,NA,NA,NA,NA,NA,NA
29,"BARRY",-87.8377128928571,30.3767237857143,1,2,NA,0,0,NA,1,2,NA,1,2,NA,0,0,NA,1,2,NA,-1,0,-1,-1,0,-1,"depletion","no_change","depletion","depletion","no_change","depletion"
29,"CRISTOBAL",-87.8377128928571,30.3767237857143,1,1,NA,0,1,NA,1,0,NA,1,1,NA,0,1,NA,1,0,NA,0,-1,1,0,-1,1,"no_change","depletion","accumulation","no_change","depletion","accumulation"
29,NA,-87.8377128928571,30.3767237857143,NA,NA,1,NA,NA,0,NA,NA,0,NA,NA,0,NA,NA,0,NA,NA,0,NA,NA,NA,NA,NA,NA,NA,NA,NA,NA,NA,NA
30,"CRISTOBAL",-87.8525756521739,30.3787915652174,4,4,NA,0,4,NA,4,5,NA,4,4,NA,0,4,NA,4,5,NA,0,-4,-1,0,-4,-1,"no_change","depletion","depletion","no_change","depletion","depletion"
30,"NESTOR",-87.8525756521739,30.3787915652174,2,2,NA,0,0,NA,2,2,NA,2,2,NA,0,0,NA,2,2,NA,0,0,0,0,0,0,"no_change","no_change","no_change","no_change","no_change","no_change"
30,NA,-87.8525756521739,30.3787915652174,NA,NA,1,NA,NA,0,NA,NA,0,NA,NA,0,NA,NA,0,NA,NA,0,NA,NA,NA,NA,NA,NA,NA,NA,NA,NA,NA,NA
31,"NESTOR",-88.1188935,30.2442031,7,3,NA,7,0,NA,0,3,NA,7,3,NA,7,0,NA,0,3,NA,4,7,-3,4,7,-3,"accumulation","accumulation","depletion","accumulation","accumulation","depletion"
31,NA,-88.1188935,30.2442031,NA,NA,1,NA,NA,0,NA,NA,1,NA,NA,0,NA,NA,0,NA,NA,0,NA,NA,NA,NA,NA,NA,NA,NA,NA,NA,NA,NA
32,"CLAUDETTE",-90.0719117241379,29.1769082068966,30,27,NA,29,27,NA,1,0,NA,26,27,NA,26,27,NA,0,0,NA,3,2,1,-1,-1,0,"accumulation","accumulation","accumulation","depletion","depletion","no_change"
32,NA,-90.0719117241379,29.1769082068966,NA,NA,24,NA,NA,22,NA,NA,1,NA,NA,16,NA,NA,16,NA,NA,0,NA,NA,NA,NA,NA,NA,NA,NA,NA,NA,NA,NA
